age,sex,region,income,married,children,car,save_act,current_act,mortgage,pep
35_51,FEMALE,INNER_CITY,0_24386,NO,1,NO,NO,NO,NO,YES
35_51,MALE,TOWN,24387_43758,YES,3,YES,NO,YES,YES,NO
52_max,FEMALE,INNER_CITY,0_24386,YES,0,YES,YES,YES,NO,NO
0_34,FEMALE,TOWN,0_24386,YES,3,NO,NO,YES,NO,NO
52_max,FEMALE,RURAL,43759_max,YES,0,NO,YES,NO,NO,NO
52_max,FEMALE,TOWN,24387_43758,YES,2,NO,YES,YES,NO,YES
0_34,MALE,RURAL,0_24386,NO,0,NO,NO,YES,NO,YES
52_max,MALE,TOWN,24387_43758,YES,0,YES,YES,YES,NO,NO
35_51,FEMALE,SUBURBAN,24387_43758,YES,2,YES,NO,NO,NO,NO
52_max,MALE,TOWN,0_24386,YES,2,YES,YES,YES,NO,NO
52_max,FEMALE,TOWN,43759_max,YES,0,NO,YES,YES,NO,NO
52_max,FEMALE,INNER_CITY,24387_43758,NO,0,YES,YES,YES,YES,NO
35_51,FEMALE,TOWN,0_24386,YES,1,NO,YES,YES,YES,YES
52_max,FEMALE,TOWN,43759_max,YES,1,YES,YES,YES,YES,YES
35_51,MALE,RURAL,0_24386,YES,0,NO,YES,YES,YES,NO
35_51,FEMALE,INNER_CITY,0_24386,YES,0,YES,YES,YES,YES,NO
35_51,FEMALE,TOWN,0_24386,YES,2,NO,NO,NO,YES,NO
35_51,FEMALE,SUBURBAN,24387_43758,YES,0,NO,YES,NO,YES,NO
52_max,FEMALE,INNER_CITY,24387_43758,YES,0,NO,YES,NO,NO,YES
0_34,MALE,TOWN,0_24386,YES,0,YES,YES,YES,NO,NO
52_max,MALE,INNER_CITY,43759_max,YES,2,NO,YES,NO,NO,YES
35_51,MALE,TOWN,0_24386,YES,2,NO,YES,YES,NO,NO
52_max,MALE,INNER_CITY,24387_43758,YES,0,NO,YES,YES,NO,NO
0_34,FEMALE,TOWN,0_24386,NO,0,YES,YES,YES,YES,NO
0_34,MALE,INNER_CITY,0_24386,NO,2,YES,YES,YES,NO,NO
52_max,MALE,INNER_CITY,24387_43758,YES,0,YES,YES,YES,YES,NO
35_51,MALE,INNER_CITY,0_24386,YES,0,NO,YES,YES,YES,NO
35_51,FEMALE,TOWN,0_24386,YES,1,NO,NO,YES,NO,YES
35_51,FEMALE,INNER_CITY,24387_43758,NO,3,YES,NO,YES,YES,NO
52_max,MALE,RURAL,0_24386,YES,1,NO,NO,YES,NO,YES
52_max,FEMALE,RURAL,0_24386,YES,2,NO,YES,YES,NO,NO
0_34,FEMALE,TOWN,0_24386,YES,2,NO,YES,NO,NO,NO
35_51,MALE,SUBURBAN,0_24386,YES,1,YES,YES,YES,NO,YES
0_34,FEMALE,INNER_CITY,24387_43758,NO,3,YES,YES,NO,NO,NO
35_51,MALE,SUBURBAN,24387_43758,NO,0,NO,YES,YES,NO,YES
0_34,FEMALE,INNER_CITY,0_24386,YES,2,NO,YES,YES,NO,NO
0_34,MALE,RURAL,0_24386,YES,3,YES,YES,YES,NO,NO
35_51,FEMALE,RURAL,0_24386,NO,0,YES,NO,YES,NO,YES
35_51,FEMALE,TOWN,0_24386,YES,0,YES,YES,YES,NO,NO
52_max,FEMALE,SUBURBAN,24387_43758,NO,2,NO,NO,YES,NO,NO
52_max,MALE,TOWN,24387_43758,YES,0,NO,NO,YES,YES,YES
35_51,FEMALE,INNER_CITY,24387_43758,YES,0,YES,NO,YES,NO,NO
52_max,MALE,TOWN,43759_max,NO,2,YES,YES,NO,NO,YES
0_34,FEMALE,TOWN,24387_43758,YES,0,YES,NO,YES,YES,NO
0_34,MALE,INNER_CITY,0_24386,NO,2,YES,YES,YES,YES,NO
52_max,MALE,INNER_CITY,43759_max,YES,2,NO,YES,YES,YES,YES
35_51,FEMALE,INNER_CITY,0_24386,NO,1,YES,YES,YES,NO,YES
0_34,MALE,INNER_CITY,0_24386,NO,2,NO,YES,YES,YES,YES
52_max,MALE,INNER_CITY,24387_43758,NO,2,YES,NO,YES,NO,YES
35_51,FEMALE,RURAL,0_24386,YES,2,YES,YES,NO,NO,NO
0_34,MALE,TOWN,0_24386,NO,2,YES,YES,NO,NO,NO
35_51,MALE,TOWN,0_24386,YES,0,NO,NO,NO,NO,NO
35_51,MALE,TOWN,0_24386,YES,1,NO,YES,YES,NO,YES
35_51,MALE,SUBURBAN,24387_43758,NO,1,NO,YES,YES,NO,YES
52_max,MALE,TOWN,43759_max,YES,0,NO,YES,YES,YES,NO
52_max,FEMALE,RURAL,43759_max,NO,3,NO,YES,NO,NO,YES
52_max,FEMALE,INNER_CITY,24387_43758,NO,0,NO,NO,YES,NO,YES
0_34,MALE,INNER_CITY,0_24386,YES,0,NO,YES,YES,NO,YES
0_34,FEMALE,INNER_CITY,0_24386,YES,0,NO,NO,YES,NO,NO
0_34,MALE,INNER_CITY,24387_43758,NO,1,YES,YES,YES,YES,YES
35_51,FEMALE,INNER_CITY,24387_43758,YES,1,NO,YES,YES,YES,YES
52_max,FEMALE,INNER_CITY,24387_43758,NO,1,YES,NO,YES,NO,YES
35_51,MALE,INNER_CITY,24387_43758,YES,2,NO,YES,YES,NO,NO
0_34,MALE,INNER_CITY,0_24386,YES,0,NO,YES,NO,NO,NO
0_34,MALE,TOWN,0_24386,NO,0,YES,YES,YES,YES,NO
35_51,MALE,INNER_CITY,0_24386,YES,0,NO,YES,YES,NO,NO
0_34,MALE,TOWN,0_24386,NO,2,NO,YES,YES,NO,NO
35_51,FEMALE,TOWN,24387_43758,NO,0,NO,YES,YES,YES,NO
0_34,MALE,TOWN,0_24386,NO,2,NO,YES,YES,NO,NO
0_34,FEMALE,RURAL,0_24386,YES,2,NO,NO,YES,NO,YES
0_34,MALE,INNER_CITY,0_24386,YES,3,YES,YES,YES,NO,NO
0_34,MALE,INNER_CITY,0_24386,NO,0,NO,NO,YES,NO,YES
35_51,MALE,INNER_CITY,24387_43758,YES,3,YES,YES,YES,YES,YES
52_max,FEMALE,INNER_CITY,0_24386,YES,2,NO,YES,NO,YES,NO
52_max,FEMALE,INNER_CITY,43759_max,NO,2,YES,YES,YES,NO,YES
52_max,FEMALE,RURAL,24387_43758,NO,2,YES,NO,NO,NO,YES
35_51,FEMALE,TOWN,24387_43758,NO,0,NO,YES,YES,YES,NO
52_max,MALE,INNER_CITY,43759_max,YES,1,YES,YES,YES,YES,YES
0_34,FEMALE,INNER_CITY,0_24386,YES,0,YES,NO,YES,NO,NO
52_max,FEMALE,TOWN,24387_43758,YES,2,YES,YES,NO,NO,YES
35_51,FEMALE,TOWN,0_24386,NO,3,NO,YES,YES,NO,YES
0_34,MALE,INNER_CITY,24387_43758,NO,3,NO,NO,YES,NO,NO
0_34,FEMALE,INNER_CITY,0_24386,YES,1,NO,YES,YES,NO,NO
35_51,MALE,INNER_CITY,0_24386,YES,1,NO,YES,YES,NO,YES
52_max,MALE,INNER_CITY,0_24386,YES,0,NO,NO,YES,YES,YES
35_51,MALE,INNER_CITY,24387_43758,YES,1,YES,YES,YES,NO,YES
0_34,FEMALE,INNER_CITY,0_24386,YES,0,NO,YES,YES,NO,NO
52_max,FEMALE,TOWN,0_24386,NO,0,YES,YES,YES,YES,NO
0_34,MALE,SUBURBAN,0_24386,YES,0,YES,YES,NO,YES,NO
52_max,FEMALE,INNER_CITY,24387_43758,YES,2,NO,NO,YES,NO,YES
35_51,MALE,TOWN,24387_43758,YES,1,YES,NO,YES,YES,YES
0_34,FEMALE,INNER_CITY,24387_43758,NO,2,NO,YES,YES,YES,NO
52_max,FEMALE,RURAL,24387_43758,NO,0,NO,NO,YES,NO,YES
52_max,MALE,INNER_CITY,24387_43758,YES,2,YES,YES,YES,NO,NO
52_max,FEMALE,INNER_CITY,24387_43758,YES,0,YES,YES,NO,NO,NO
0_34,FEMALE,INNER_CITY,0_24386,YES,0,NO,YES,YES,NO,NO
0_34,MALE,INNER_CITY,0_24386,YES,1,NO,NO,NO,YES,NO
0_34,MALE,TOWN,24387_43758,YES,2,YES,YES,YES,YES,YES
35_51,FEMALE,INNER_CITY,0_24386,NO,2,NO,YES,YES,NO,NO
0_34,FEMALE,RURAL,0_24386,YES,0,YES,NO,YES,NO,NO
52_max,MALE,INNER_CITY,24387_43758,YES,1,NO,YES,YES,YES,YES
0_34,FEMALE,INNER_CITY,0_24386,YES,2,YES,YES,YES,NO,NO
35_51,MALE,INNER_CITY,0_24386,YES,0,YES,NO,YES,YES,YES
35_51,MALE,TOWN,24387_43758,NO,0,NO,YES,YES,YES,NO
52_max,FEMALE,INNER_CITY,24387_43758,YES,1,NO,YES,YES,NO,YES
35_51,MALE,TOWN,24387_43758,YES,3,YES,YES,YES,NO,NO
35_51,MALE,RURAL,43759_max,YES,0,YES,YES,NO,NO,NO
0_34,MALE,INNER_CITY,0_24386,YES,0,NO,NO,YES,NO,NO
0_34,MALE,INNER_CITY,0_24386,NO,0,NO,YES,YES,NO,YES
0_34,FEMALE,INNER_CITY,0_24386,YES,2,YES,YES,YES,YES,NO
35_51,MALE,TOWN,24387_43758,NO,2,NO,YES,YES,NO,YES
0_34,MALE,INNER_CITY,24387_43758,YES,3,YES,NO,NO,YES,NO
52_max,FEMALE,INNER_CITY,24387_43758,YES,0,YES,NO,YES,NO,NO
35_51,MALE,TOWN,24387_43758,NO,2,YES,YES,YES,NO,YES
52_max,MALE,INNER_CITY,24387_43758,YES,1,YES,YES,YES,NO,YES
52_max,FEMALE,INNER_CITY,43759_max,YES,0,NO,YES,YES,NO,NO
52_max,FEMALE,TOWN,0_24386,YES,2,NO,YES,NO,NO,NO
0_34,MALE,INNER_CITY,0_24386,YES,3,NO,YES,YES,YES,NO
35_51,MALE,TOWN,0_24386,NO,0,YES,NO,NO,NO,YES
52_max,FEMALE,RURAL,43759_max,YES,3,YES,YES,YES,NO,YES
35_51,MALE,RURAL,24387_43758,NO,2,NO,YES,NO,YES,NO
52_max,FEMALE,RURAL,43759_max,YES,1,YES,YES,YES,NO,YES
35_51,FEMALE,TOWN,0_24386,YES,1,NO,YES,NO,YES,YES
35_51,FEMALE,RURAL,24387_43758,NO,1,NO,YES,YES,NO,YES
35_51,MALE,RURAL,43759_max,NO,3,YES,YES,NO,NO,YES
35_51,MALE,INNER_CITY,24387_43758,YES,2,NO,NO,YES,NO,YES
35_51,FEMALE,TOWN,24387_43758,YES,0,YES,YES,YES,NO,NO
35_51,FEMALE,INNER_CITY,24387_43758,YES,0,NO,YES,YES,NO,NO
35_51,MALE,TOWN,0_24386,YES,3,YES,YES,YES,NO,NO
0_34,FEMALE,RURAL,0_24386,NO,0,YES,YES,YES,NO,YES
35_51,MALE,INNER_CITY,0_24386,NO,2,NO,NO,YES,NO,NO
52_max,MALE,RURAL,24387_43758,YES,3,NO,YES,YES,YES,NO
52_max,FEMALE,SUBURBAN,0_24386,NO,2,YES,YES,YES,NO,NO
52_max,FEMALE,SUBURBAN,24387_43758,YES,0,YES,NO,YES,NO,NO
52_max,FEMALE,TOWN,43759_max,YES,2,YES,YES,YES,YES,YES
52_max,FEMALE,TOWN,24387_43758,YES,1,YES,YES,YES,NO,YES
0_34,FEMALE,INNER_CITY,0_24386,YES,2,YES,NO,YES,YES,NO
52_max,FEMALE,INNER_CITY,24387_43758,NO,0,NO,YES,YES,NO,YES
52_max,FEMALE,RURAL,24387_43758,YES,0,NO,YES,YES,NO,NO
52_max,FEMALE,INNER_CITY,43759_max,NO,1,NO,YES,YES,NO,YES
52_max,MALE,INNER_CITY,24387_43758,YES,3,NO,YES,YES,NO,NO
35_51,FEMALE,INNER_CITY,0_24386,YES,0,NO,NO,YES,NO,NO
0_34,FEMALE,TOWN,0_24386,YES,1,YES,NO,NO,YES,NO
52_max,MALE,TOWN,43759_max,YES,0,YES,YES,YES,YES,NO
0_34,MALE,INNER_CITY,0_24386,YES,1,NO,YES,YES,NO,YES
52_max,MALE,SUBURBAN,43759_max,YES,0,NO,YES,NO,YES,YES
0_34,MALE,TOWN,0_24386,YES,2,YES,NO,YES,NO,NO
0_34,FEMALE,INNER_CITY,0_24386,NO,2,NO,YES,YES,NO,NO
52_max,MALE,RURAL,24387_43758,YES,0,YES,YES,NO,NO,NO
0_34,FEMALE,SUBURBAN,24387_43758,YES,3,YES,YES,YES,NO,NO
52_max,MALE,RURAL,24387_43758,YES,1,YES,YES,YES,NO,YES
35_51,MALE,TOWN,24387_43758,NO,2,YES,NO,YES,NO,YES
52_max,MALE,TOWN,43759_max,YES,2,NO,YES,NO,YES,YES
0_34,MALE,INNER_CITY,24387_43758,YES,1,NO,YES,YES,YES,YES
35_51,MALE,RURAL,0_24386,NO,2,YES,NO,NO,NO,NO
0_34,FEMALE,SUBURBAN,0_24386,YES,2,NO,YES,YES,NO,YES
35_51,MALE,TOWN,24387_43758,YES,0,YES,YES,YES,NO,NO
0_34,MALE,RURAL,0_24386,YES,2,YES,YES,YES,NO,NO
52_max,FEMALE,TOWN,0_24386,YES,0,NO,NO,YES,NO,YES
35_51,FEMALE,TOWN,0_24386,YES,1,NO,YES,YES,NO,YES
0_34,MALE,INNER_CITY,0_24386,YES,2,YES,YES,YES,NO,NO
35_51,FEMALE,INNER_CITY,0_24386,YES,0,NO,NO,NO,NO,NO
35_51,FEMALE,TOWN,0_24386,NO,3,NO,NO,YES,NO,NO
0_34,FEMALE,TOWN,0_24386,NO,1,YES,NO,YES,NO,NO
35_51,FEMALE,INNER_CITY,24387_43758,YES,0,NO,NO,NO,NO,NO
0_34,MALE,RURAL,0_24386,YES,1,NO,NO,YES,YES,YES
0_34,MALE,TOWN,0_24386,NO,1,NO,YES,YES,YES,NO
0_34,MALE,INNER_CITY,0_24386,NO,1,NO,NO,NO,YES,NO
35_51,FEMALE,TOWN,24387_43758,NO,0,YES,YES,YES,NO,NO
52_max,MALE,INNER_CITY,24387_43758,YES,0,NO,NO,YES,NO,NO
52_max,MALE,INNER_CITY,43759_max,YES,0,YES,YES,YES,NO,NO
0_34,MALE,INNER_CITY,0_24386,YES,2,NO,NO,YES,NO,NO
35_51,MALE,INNER_CITY,0_24386,YES,3,YES,YES,YES,NO,NO
0_34,MALE,RURAL,24387_43758,YES,1,YES,YES,YES,NO,YES
52_max,FEMALE,TOWN,24387_43758,YES,2,NO,YES,YES,NO,YES
52_max,FEMALE,INNER_CITY,43759_max,NO,0,NO,YES,YES,NO,YES
35_51,MALE,TOWN,24387_43758,YES,0,YES,YES,YES,NO,NO
35_51,FEMALE,INNER_CITY,24387_43758,YES,0,YES,YES,YES,YES,YES
35_51,MALE,INNER_CITY,0_24386,YES,0,NO,NO,NO,NO,YES
52_max,MALE,INNER_CITY,24387_43758,YES,2,NO,NO,YES,NO,YES
0_34,FEMALE,INNER_CITY,0_24386,YES,1,NO,YES,YES,YES,YES
52_max,MALE,RURAL,43759_max,NO,0,NO,YES,YES,NO,YES
52_max,FEMALE,INNER_CITY,24387_43758,NO,0,YES,YES,YES,YES,NO
35_51,FEMALE,INNER_CITY,0_24386,YES,2,YES,YES,YES,YES,NO
35_51,FEMALE,INNER_CITY,24387_43758,NO,0,YES,YES,NO,YES,NO
35_51,MALE,RURAL,24387_43758,YES,1,YES,YES,YES,YES,YES
0_34,FEMALE,INNER_CITY,0_24386,YES,0,NO,NO,NO,YES,YES
35_51,FEMALE,TOWN,24387_43758,YES,1,NO,NO,YES,NO,YES
35_51,MALE,INNER_CITY,24387_43758,YES,2,YES,NO,YES,YES,NO
35_51,FEMALE,INNER_CITY,0_24386,YES,0,NO,NO,YES,NO,NO
52_max,FEMALE,SUBURBAN,43759_max,YES,2,YES,YES,YES,NO,YES
35_51,MALE,INNER_CITY,0_24386,YES,1,YES,YES,NO,NO,NO
52_max,FEMALE,RURAL,43759_max,YES,3,NO,YES,YES,NO,YES
35_51,MALE,INNER_CITY,0_24386,YES,0,YES,NO,YES,YES,YES
52_max,MALE,SUBURBAN,24387_43758,YES,2,YES,NO,YES,NO,YES
52_max,MALE,INNER_CITY,0_24386,YES,1,NO,YES,NO,YES,YES
0_34,FEMALE,INNER_CITY,0_24386,NO,0,NO,NO,YES,YES,YES
52_max,MALE,INNER_CITY,43759_max,YES,2,YES,YES,YES,NO,YES
0_34,MALE,INNER_CITY,0_24386,NO,2,NO,NO,YES,YES,NO
0_34,FEMALE,INNER_CITY,0_24386,YES,0,NO,YES,YES,NO,YES
35_51,MALE,TOWN,24387_43758,YES,1,YES,YES,YES,NO,YES
35_51,FEMALE,TOWN,24387_43758,YES,0,NO,YES,YES,YES,NO
52_max,MALE,INNER_CITY,0_24386,YES,0,NO,NO,YES,NO,NO
35_51,MALE,INNER_CITY,0_24386,NO,3,YES,NO,YES,NO,NO
0_34,MALE,INNER_CITY,0_24386,YES,1,NO,YES,YES,YES,YES
0_34,MALE,INNER_CITY,0_24386,NO,0,YES,NO,YES,YES,YES
52_max,MALE,INNER_CITY,43759_max,NO,0,YES,YES,YES,NO,YES
0_34,FEMALE,INNER_CITY,0_24386,YES,0,NO,YES,YES,YES,NO
52_max,MALE,INNER_CITY,24387_43758,YES,0,YES,YES,YES,NO,NO
0_34,MALE,INNER_CITY,0_24386,NO,0,NO,YES,NO,NO,YES
52_max,MALE,INNER_CITY,24387_43758,NO,0,YES,NO,NO,NO,YES
52_max,MALE,TOWN,24387_43758,YES,1,YES,YES,YES,NO,YES
0_34,MALE,INNER_CITY,0_24386,YES,0,YES,YES,YES,NO,YES
0_34,MALE,TOWN,0_24386,NO,1,NO,NO,YES,NO,YES
0_34,MALE,INNER_CITY,0_24386,YES,0,NO,YES,YES,NO,NO
0_34,MALE,SUBURBAN,0_24386,YES,0,NO,YES,YES,NO,NO
0_34,FEMALE,SUBURBAN,0_24386,YES,0,YES,NO,YES,NO,NO
35_51,FEMALE,INNER_CITY,24387_43758,YES,3,YES,YES,YES,YES,NO
35_51,MALE,TOWN,24387_43758,NO,0,YES,YES,NO,NO,YES
35_51,FEMALE,INNER_CITY,24387_43758,YES,0,YES,YES,YES,NO,NO
35_51,FEMALE,INNER_CITY,24387_43758,NO,2,YES,NO,NO,NO,NO
35_51,MALE,INNER_CITY,24387_43758,YES,2,NO,YES,YES,NO,YES
35_51,FEMALE,INNER_CITY,24387_43758,YES,1,NO,YES,YES,NO,YES
52_max,FEMALE,INNER_CITY,24387_43758,YES,0,NO,YES,YES,YES,NO
52_max,MALE,RURAL,43759_max,YES,3,NO,YES,YES,NO,YES
35_51,FEMALE,RURAL,24387_43758,NO,0,YES,YES,YES,NO,YES
52_max,MALE,INNER_CITY,43759_max,YES,2,YES,YES,YES,NO,YES
52_max,MALE,TOWN,24387_43758,NO,0,NO,YES,YES,NO,YES
35_51,MALE,RURAL,24387_43758,NO,0,YES,NO,YES,YES,YES
0_34,MALE,INNER_CITY,0_24386,NO,0,YES,NO,NO,NO,YES
52_max,FEMALE,INNER_CITY,24387_43758,YES,0,YES,NO,YES,YES,YES
0_34,MALE,INNER_CITY,24387_43758,NO,1,NO,NO,YES,YES,NO
0_34,MALE,SUBURBAN,0_24386,YES,0,NO,NO,YES,YES,YES
0_34,FEMALE,TOWN,24387_43758,YES,0,YES,YES,YES,NO,NO
52_max,FEMALE,RURAL,24387_43758,NO,3,NO,YES,NO,NO,NO
35_51,FEMALE,INNER_CITY,0_24386,NO,1,NO,YES,YES,YES,YES
52_max,MALE,TOWN,43759_max,NO,2,YES,YES,YES,NO,YES
0_34,FEMALE,INNER_CITY,0_24386,YES,2,NO,YES,YES,YES,NO
0_34,FEMALE,RURAL,0_24386,YES,2,NO,YES,NO,NO,NO
0_34,MALE,INNER_CITY,0_24386,YES,0,YES,YES,YES,NO,NO
0_34,FEMALE,RURAL,0_24386,YES,2,YES,NO,NO,NO,NO
52_max,FEMALE,INNER_CITY,43759_max,NO,0,YES,YES,YES,NO,YES
52_max,MALE,INNER_CITY,24387_43758,YES,1,YES,YES,YES,NO,YES
0_34,FEMALE,INNER_CITY,0_24386,YES,0,YES,YES,YES,NO,NO
35_51,MALE,RURAL,24387_43758,YES,2,YES,YES,NO,NO,NO
35_51,MALE,SUBURBAN,24387_43758,NO,0,YES,YES,YES,YES,NO
0_34,FEMALE,INNER_CITY,0_24386,NO,3,YES,NO,NO,NO,NO
0_34,MALE,RURAL,0_24386,YES,0,NO,NO,YES,NO,NO
35_51,MALE,TOWN,0_24386,YES,3,NO,YES,YES,NO,NO
35_51,MALE,TOWN,0_24386,YES,3,YES,NO,YES,NO,NO
52_max,MALE,INNER_CITY,43759_max,NO,0,NO,YES,YES,YES,NO
35_51,FEMALE,TOWN,24387_43758,YES,1,YES,YES,YES,YES,YES
0_34,MALE,INNER_CITY,0_24386,YES,2,NO,NO,YES,YES,NO
35_51,FEMALE,TOWN,0_24386,YES,1,NO,NO,NO,NO,YES
0_34,FEMALE,RURAL,0_24386,NO,3,NO,YES,YES,YES,NO
52_max,FEMALE,INNER_CITY,0_24386,NO,0,YES,NO,YES,NO,YES
35_51,FEMALE,SUBURBAN,24387_43758,NO,2,NO,YES,YES,NO,NO
0_34,FEMALE,TOWN,0_24386,YES,2,NO,NO,YES,YES,NO
35_51,FEMALE,TOWN,0_24386,NO,3,NO,NO,YES,YES,NO
35_51,MALE,TOWN,0_24386,NO,0,NO,NO,NO,NO,NO
0_34,MALE,SUBURBAN,0_24386,YES,0,NO,YES,YES,NO,NO
35_51,FEMALE,TOWN,24387_43758,YES,1,NO,YES,YES,YES,YES
35_51,FEMALE,TOWN,0_24386,YES,0,NO,NO,YES,NO,NO
52_max,FEMALE,INNER_CITY,43759_max,YES,0,YES,YES,YES,YES,NO
0_34,MALE,INNER_CITY,0_24386,NO,0,YES,YES,NO,NO,YES
0_34,MALE,INNER_CITY,0_24386,YES,1,YES,NO,NO,NO,YES
52_max,MALE,TOWN,24387_43758,NO,0,YES,YES,YES,NO,YES
35_51,FEMALE,SUBURBAN,24387_43758,NO,0,NO,YES,YES,NO,YES
52_max,FEMALE,TOWN,24387_43758,YES,0,YES,NO,YES,NO,NO
0_34,MALE,TOWN,0_24386,NO,3,YES,NO,YES,YES,NO
52_max,FEMALE,SUBURBAN,43759_max,NO,2,NO,YES,YES,YES,YES
52_max,FEMALE,INNER_CITY,43759_max,NO,0,YES,YES,YES,NO,YES
35_51,MALE,TOWN,0_24386,YES,0,NO,YES,YES,NO,NO
0_34,MALE,INNER_CITY,24387_43758,YES,1,YES,NO,YES,NO,YES
35_51,FEMALE,INNER_CITY,24387_43758,YES,0,YES,YES,YES,NO,NO
0_34,MALE,RURAL,0_24386,YES,0,YES,NO,YES,YES,YES
35_51,FEMALE,SUBURBAN,24387_43758,NO,1,NO,YES,YES,YES,YES
0_34,MALE,TOWN,0_24386,YES,1,YES,YES,YES,NO,YES
52_max,FEMALE,RURAL,24387_43758,NO,0,NO,YES,NO,YES,NO
35_51,MALE,TOWN,24387_43758,YES,1,NO,NO,YES,YES,YES
0_34,MALE,INNER_CITY,0_24386,YES,1,NO,NO,NO,NO,YES
0_34,FEMALE,INNER_CITY,0_24386,YES,0,NO,YES,YES,NO,NO
52_max,MALE,INNER_CITY,43759_max,YES,1,YES,YES,NO,NO,YES
35_51,FEMALE,INNER_CITY,24387_43758,YES,3,NO,YES,YES,YES,NO
0_34,FEMALE,INNER_CITY,0_24386,YES,3,NO,YES,YES,NO,NO
0_34,MALE,TOWN,0_24386,YES,0,NO,NO,NO,NO,NO
35_51,MALE,INNER_CITY,24387_43758,YES,1,YES,YES,YES,YES,YES
52_max,FEMALE,INNER_CITY,24387_43758,YES,3,NO,NO,YES,NO,NO
0_34,MALE,INNER_CITY,0_24386,YES,1,NO,YES,NO,NO,NO
52_max,FEMALE,RURAL,24387_43758,YES,1,YES,YES,YES,NO,YES
0_34,MALE,INNER_CITY,0_24386,NO,0,NO,YES,YES,NO,YES
35_51,FEMALE,INNER_CITY,24387_43758,NO,0,YES,YES,NO,NO,YES
52_max,MALE,RURAL,43759_max,YES,2,YES,YES,YES,YES,YES
0_34,FEMALE,TOWN,0_24386,YES,0,NO,YES,YES,NO,NO
35_51,MALE,TOWN,0_24386,YES,0,NO,YES,NO,YES,NO
0_34,MALE,TOWN,24387_43758,YES,0,YES,YES,YES,YES,NO
52_max,FEMALE,RURAL,24387_43758,NO,2,YES,YES,YES,YES,NO
0_34,MALE,RURAL,0_24386,YES,2,NO,NO,NO,NO,NO
35_51,FEMALE,INNER_CITY,0_24386,NO,2,YES,NO,YES,NO,NO
0_34,FEMALE,INNER_CITY,0_24386,YES,0,NO,YES,YES,NO,NO
0_34,FEMALE,INNER_CITY,0_24386,YES,1,YES,YES,YES,YES,NO
35_51,FEMALE,TOWN,0_24386,YES,0,NO,YES,NO,NO,NO
35_51,FEMALE,TOWN,24387_43758,YES,0,NO,YES,NO,NO,NO
35_51,MALE,RURAL,24387_43758,YES,3,NO,YES,YES,YES,NO
52_max,FEMALE,RURAL,43759_max,NO,3,NO,YES,YES,NO,YES
35_51,FEMALE,RURAL,0_24386,YES,0,NO,NO,YES,NO,NO
52_max,MALE,INNER_CITY,43759_max,NO,2,YES,YES,YES,NO,YES
35_51,MALE,RURAL,24387_43758,NO,0,YES,YES,YES,NO,YES
35_51,MALE,TOWN,24387_43758,NO,2,YES,YES,YES,NO,NO
0_34,FEMALE,INNER_CITY,0_24386,NO,1,NO,YES,YES,NO,NO
35_51,MALE,TOWN,24387_43758,YES,0,NO,YES,YES,NO,NO
52_max,MALE,INNER_CITY,24387_43758,NO,1,NO,YES,YES,NO,YES
52_max,FEMALE,TOWN,24387_43758,NO,2,YES,NO,YES,NO,YES
0_34,FEMALE,RURAL,0_24386,NO,2,YES,YES,YES,NO,NO
52_max,FEMALE,TOWN,0_24386,YES,0,YES,YES,NO,NO,NO
35_51,MALE,RURAL,24387_43758,NO,0,YES,YES,YES,YES,NO
52_max,MALE,INNER_CITY,0_24386,NO,2,YES,YES,YES,NO,NO
35_51,FEMALE,TOWN,24387_43758,NO,1,NO,YES,YES,YES,YES
0_34,FEMALE,INNER_CITY,0_24386,NO,2,NO,YES,NO,NO,NO
35_51,MALE,SUBURBAN,0_24386,NO,0,YES,YES,YES,YES,NO
52_max,MALE,INNER_CITY,24387_43758,NO,2,YES,YES,YES,NO,YES
35_51,MALE,RURAL,0_24386,YES,0,YES,NO,NO,YES,YES
0_34,FEMALE,TOWN,0_24386,YES,1,YES,YES,NO,YES,NO
0_34,MALE,TOWN,0_24386,NO,0,NO,YES,YES,NO,YES
35_51,MALE,SUBURBAN,24387_43758,YES,0,NO,YES,YES,NO,NO
0_34,FEMALE,TOWN,0_24386,NO,0,NO,NO,YES,NO,YES
35_51,MALE,INNER_CITY,24387_43758,YES,1,NO,YES,NO,YES,YES
0_34,MALE,INNER_CITY,0_24386,YES,0,NO,NO,YES,YES,YES
52_max,FEMALE,RURAL,43759_max,NO,1,NO,YES,NO,YES,YES
0_34,FEMALE,TOWN,0_24386,YES,3,NO,NO,YES,NO,NO
52_max,FEMALE,RURAL,43759_max,YES,3,YES,YES,YES,NO,YES
0_34,FEMALE,INNER_CITY,0_24386,YES,2,NO,YES,YES,YES,NO
0_34,FEMALE,TOWN,24387_43758,YES,0,NO,YES,NO,NO,NO
35_51,MALE,SUBURBAN,0_24386,YES,2,NO,YES,YES,NO,NO
0_34,FEMALE,SUBURBAN,0_24386,YES,1,NO,NO,YES,NO,YES
35_51,MALE,TOWN,24387_43758,YES,1,NO,YES,NO,YES,YES
35_51,MALE,INNER_CITY,24387_43758,YES,2,NO,NO,NO,YES,NO
52_max,MALE,INNER_CITY,24387_43758,YES,1,YES,YES,NO,YES,NO
52_max,MALE,SUBURBAN,24387_43758,YES,2,YES,YES,YES,YES,YES
0_34,MALE,INNER_CITY,0_24386,YES,0,NO,NO,YES,YES,YES
35_51,FEMALE,SUBURBAN,24387_43758,YES,0,NO,YES,YES,NO,NO
52_max,MALE,RURAL,43759_max,YES,1,YES,YES,NO,NO,YES
52_max,MALE,INNER_CITY,43759_max,YES,0,YES,YES,YES,NO,NO
52_max,FEMALE,INNER_CITY,0_24386,YES,0,NO,YES,YES,NO,NO
0_34,MALE,RURAL,0_24386,YES,2,YES,YES,YES,NO,NO
52_max,FEMALE,TOWN,24387_43758,YES,1,NO,YES,YES,NO,YES
35_51,MALE,RURAL,24387_43758,YES,0,YES,YES,NO,YES,NO
52_max,FEMALE,INNER_CITY,43759_max,YES,0,NO,YES,NO,NO,NO
52_max,MALE,INNER_CITY,24387_43758,YES,0,NO,YES,NO,YES,NO
52_max,FEMALE,INNER_CITY,0_24386,NO,1,NO,NO,YES,NO,YES
0_34,FEMALE,INNER_CITY,24387_43758,NO,0,YES,NO,YES,YES,YES
35_51,MALE,TOWN,24387_43758,YES,0,NO,YES,YES,YES,NO
52_max,FEMALE,RURAL,24387_43758,NO,1,NO,YES,YES,YES,NO
35_51,MALE,TOWN,24387_43758,NO,1,YES,YES,YES,NO,YES
35_51,FEMALE,SUBURBAN,24387_43758,YES,0,YES,NO,YES,YES,YES
52_max,FEMALE,RURAL,43759_max,YES,2,NO,YES,YES,YES,YES
35_51,FEMALE,SUBURBAN,0_24386,YES,0,NO,NO,YES,NO,NO
0_34,MALE,RURAL,0_24386,NO,0,NO,YES,YES,NO,YES
52_max,FEMALE,INNER_CITY,24387_43758,NO,3,YES,NO,YES,NO,NO
52_max,FEMALE,INNER_CITY,0_24386,YES,1,YES,YES,NO,NO,YES
52_max,FEMALE,TOWN,43759_max,NO,2,YES,YES,YES,NO,YES
52_max,MALE,TOWN,0_24386,YES,3,NO,YES,YES,YES,NO
52_max,MALE,TOWN,24387_43758,YES,2,NO,NO,YES,NO,NO
0_34,FEMALE,TOWN,0_24386,YES,0,NO,YES,YES,NO,NO
52_max,FEMALE,TOWN,43759_max,YES,1,YES,YES,NO,NO,YES
0_34,MALE,INNER_CITY,0_24386,YES,2,YES,YES,NO,NO,YES
52_max,FEMALE,INNER_CITY,24387_43758,NO,1,YES,NO,YES,NO,YES
52_max,MALE,INNER_CITY,43759_max,YES,0,YES,YES,YES,YES,NO
0_34,MALE,TOWN,0_24386,YES,0,NO,YES,YES,YES,NO
52_max,MALE,INNER_CITY,24387_43758,YES,3,NO,YES,NO,YES,NO
52_max,MALE,INNER_CITY,43759_max,YES,0,NO,YES,YES,NO,NO
35_51,FEMALE,INNER_CITY,24387_43758,NO,2,NO,YES,YES,NO,YES
0_34,FEMALE,INNER_CITY,0_24386,NO,0,NO,NO,NO,NO,YES
52_max,FEMALE,INNER_CITY,24387_43758,YES,0,NO,NO,YES,NO,NO
52_max,FEMALE,SUBURBAN,43759_max,YES,2,NO,YES,YES,NO,YES
35_51,MALE,INNER_CITY,0_24386,YES,0,YES,YES,YES,NO,NO
52_max,FEMALE,TOWN,24387_43758,NO,1,NO,NO,NO,YES,YES
35_51,MALE,INNER_CITY,24387_43758,NO,2,NO,NO,YES,NO,NO
0_34,MALE,SUBURBAN,0_24386,YES,0,NO,NO,YES,YES,YES
0_34,FEMALE,INNER_CITY,0_24386,YES,3,NO,NO,YES,NO,NO
52_max,FEMALE,TOWN,24387_43758,NO,0,YES,YES,YES,NO,YES
35_51,FEMALE,INNER_CITY,24387_43758,YES,2,YES,YES,YES,NO,NO
0_34,MALE,INNER_CITY,0_24386,YES,1,NO,NO,YES,NO,NO
35_51,FEMALE,TOWN,24387_43758,YES,1,YES,YES,YES,NO,YES
35_51,FEMALE,TOWN,24387_43758,YES,0,NO,NO,YES,NO,NO
52_max,FEMALE,INNER_CITY,24387_43758,NO,3,YES,NO,YES,YES,NO
35_51,MALE,INNER_CITY,0_24386,NO,0,NO,NO,YES,NO,NO
52_max,MALE,INNER_CITY,24387_43758,NO,1,YES,NO,NO,NO,YES
0_34,MALE,INNER_CITY,0_24386,NO,0,YES,NO,YES,NO,YES
35_51,FEMALE,INNER_CITY,0_24386,YES,0,NO,YES,NO,NO,NO
52_max,FEMALE,INNER_CITY,43759_max,YES,0,NO,YES,YES,NO,NO
35_51,MALE,TOWN,0_24386,NO,0,YES,NO,YES,NO,YES
52_max,FEMALE,TOWN,24387_43758,YES,3,YES,YES,NO,NO,NO
52_max,FEMALE,INNER_CITY,0_24386,YES,2,YES,YES,NO,YES,NO
52_max,FEMALE,SUBURBAN,24387_43758,NO,0,YES,NO,NO,YES,YES
52_max,FEMALE,TOWN,0_24386,YES,3,YES,NO,NO,YES,NO
35_51,MALE,RURAL,24387_43758,YES,0,YES,YES,NO,NO,NO
35_51,MALE,INNER_CITY,24387_43758,YES,2,NO,YES,YES,NO,YES
52_max,FEMALE,INNER_CITY,43759_max,NO,1,NO,YES,YES,NO,YES
35_51,MALE,TOWN,24387_43758,YES,0,YES,YES,NO,YES,NO
0_34,FEMALE,RURAL,0_24386,NO,0,NO,NO,YES,YES,YES
0_34,MALE,RURAL,0_24386,NO,3,YES,NO,NO,YES,NO
35_51,MALE,INNER_CITY,24387_43758,YES,0,YES,NO,YES,NO,NO
35_51,MALE,INNER_CITY,0_24386,NO,0,NO,NO,NO,YES,YES
0_34,FEMALE,INNER_CITY,0_24386,YES,3,NO,YES,YES,NO,YES
35_51,MALE,SUBURBAN,24387_43758,YES,3,YES,YES,YES,NO,YES
52_max,MALE,SUBURBAN,43759_max,NO,1,NO,YES,YES,NO,YES
0_34,MALE,SUBURBAN,0_24386,NO,0,NO,YES,YES,NO,YES
35_51,FEMALE,SUBURBAN,0_24386,YES,1,YES,NO,NO,NO,YES
0_34,MALE,SUBURBAN,0_24386,YES,2,NO,YES,NO,NO,NO
0_34,FEMALE,INNER_CITY,0_24386,NO,1,YES,NO,YES,YES,YES
0_34,MALE,INNER_CITY,0_24386,NO,0,YES,YES,YES,YES,NO
52_max,FEMALE,INNER_CITY,43759_max,NO,2,YES,YES,YES,NO,YES
0_34,FEMALE,INNER_CITY,0_24386,YES,0,YES,NO,YES,NO,YES
52_max,FEMALE,SUBURBAN,43759_max,YES,0,NO,YES,YES,NO,NO
0_34,MALE,RURAL,0_24386,YES,0,NO,YES,YES,YES,NO
35_51,MALE,INNER_CITY,0_24386,NO,1,NO,YES,NO,YES,NO
0_34,MALE,RURAL,0_24386,YES,1,YES,NO,NO,NO,YES
0_34,FEMALE,TOWN,24387_43758,YES,2,YES,YES,NO,NO,YES
52_max,MALE,TOWN,0_24386,YES,0,NO,YES,YES,YES,NO
52_max,MALE,INNER_CITY,43759_max,YES,0,YES,YES,YES,YES,NO
35_51,MALE,INNER_CITY,24387_43758,NO,1,NO,YES,NO,NO,YES
0_34,MALE,INNER_CITY,0_24386,YES,1,YES,NO,YES,NO,NO
52_max,FEMALE,INNER_CITY,43759_max,YES,0,YES,YES,YES,NO,NO
0_34,MALE,TOWN,0_24386,NO,1,YES,NO,YES,NO,YES
35_51,FEMALE,RURAL,24387_43758,YES,0,NO,YES,YES,NO,NO
52_max,FEMALE,TOWN,24387_43758,YES,3,NO,YES,NO,NO,NO
52_max,FEMALE,INNER_CITY,24387_43758,YES,2,YES,NO,NO,NO,YES
0_34,FEMALE,INNER_CITY,0_24386,YES,1,YES,NO,YES,YES,YES
35_51,MALE,RURAL,24387_43758,NO,2,NO,YES,YES,YES,NO
35_51,MALE,TOWN,24387_43758,YES,0,NO,YES,NO,YES,NO
52_max,FEMALE,TOWN,43759_max,YES,1,YES,YES,YES,NO,YES
35_51,MALE,TOWN,0_24386,NO,0,YES,YES,YES,YES,NO
35_51,FEMALE,RURAL,24387_43758,YES,0,NO,NO,YES,YES,YES
35_51,MALE,INNER_CITY,0_24386,YES,0,YES,YES,NO,NO,NO
0_34,MALE,TOWN,0_24386,NO,2,YES,YES,YES,YES,NO
35_51,MALE,INNER_CITY,0_24386,YES,0,YES,NO,NO,YES,YES
52_max,FEMALE,INNER_CITY,24387_43758,NO,1,YES,YES,NO,YES,YES
0_34,FEMALE,SUBURBAN,0_24386,YES,1,NO,NO,YES,NO,NO
0_34,MALE,INNER_CITY,0_24386,YES,1,YES,NO,YES,NO,NO
35_51,MALE,INNER_CITY,24387_43758,YES,1,NO,YES,NO,YES,YES
35_51,MALE,INNER_CITY,43759_max,YES,0,YES,YES,YES,NO,NO
35_51,FEMALE,RURAL,24387_43758,YES,0,YES,YES,YES,NO,NO
35_51,MALE,TOWN,24387_43758,NO,0,YES,NO,YES,YES,YES
0_34,FEMALE,RURAL,0_24386,YES,0,NO,YES,YES,NO,YES
35_51,MALE,RURAL,24387_43758,YES,0,YES,YES,YES,NO,NO
52_max,FEMALE,TOWN,24387_43758,YES,0,NO,YES,YES,NO,NO
35_51,FEMALE,TOWN,24387_43758,YES,2,NO,NO,YES,NO,YES
52_max,MALE,RURAL,43759_max,YES,3,YES,YES,NO,NO,YES
35_51,FEMALE,RURAL,24387_43758,NO,0,YES,YES,YES,NO,YES
35_51,MALE,INNER_CITY,24387_43758,YES,3,YES,NO,NO,NO,NO
35_51,MALE,TOWN,24387_43758,NO,0,YES,YES,NO,YES,NO
52_max,FEMALE,INNER_CITY,24387_43758,NO,0,NO,NO,YES,NO,YES
52_max,FEMALE,RURAL,43759_max,NO,0,YES,YES,YES,YES,NO
0_34,MALE,INNER_CITY,0_24386,NO,0,NO,YES,YES,YES,NO
0_34,FEMALE,INNER_CITY,0_24386,YES,0,YES,YES,YES,NO,NO
0_34,FEMALE,TOWN,0_24386,YES,0,YES,YES,YES,YES,NO
52_max,FEMALE,INNER_CITY,43759_max,YES,0,NO,YES,YES,NO,NO
0_34,MALE,SUBURBAN,0_24386,NO,1,NO,YES,YES,NO,NO
52_max,MALE,TOWN,43759_max,YES,1,NO,YES,YES,NO,YES
35_51,MALE,INNER_CITY,0_24386,YES,0,YES,NO,YES,YES,YES
52_max,FEMALE,SUBURBAN,24387_43758,YES,0,YES,YES,NO,YES,NO
0_34,FEMALE,INNER_CITY,0_24386,YES,0,YES,NO,YES,YES,YES
0_34,FEMALE,RURAL,0_24386,YES,2,YES,NO,YES,NO,NO
0_34,MALE,TOWN,0_24386,NO,0,YES,YES,YES,NO,YES
52_max,FEMALE,TOWN,24387_43758,YES,2,YES,YES,YES,YES,NO
35_51,MALE,INNER_CITY,0_24386,YES,0,NO,NO,YES,NO,NO
0_34,FEMALE,SUBURBAN,0_24386,NO,3,NO,YES,YES,NO,YES
35_51,MALE,SUBURBAN,0_24386,YES,0,NO,NO,YES,NO,YES
52_max,MALE,TOWN,24387_43758,NO,3,YES,YES,YES,NO,NO
52_max,FEMALE,INNER_CITY,24387_43758,YES,0,NO,YES,YES,YES,NO
52_max,FEMALE,INNER_CITY,24387_43758,YES,0,YES,YES,YES,NO,NO
52_max,MALE,INNER_CITY,0_24386,YES,2,YES,YES,NO,NO,NO
35_51,FEMALE,TOWN,24387_43758,NO,0,NO,YES,YES,NO,YES
0_34,FEMALE,TOWN,0_24386,NO,1,YES,YES,YES,YES,YES
0_34,FEMALE,TOWN,0_24386,YES,2,NO,YES,YES,YES,NO
35_51,MALE,RURAL,24387_43758,NO,1,NO,NO,YES,NO,YES
35_51,MALE,INNER_CITY,24387_43758,YES,0,NO,YES,YES,YES,NO
35_51,MALE,TOWN,0_24386,YES,2,NO,YES,YES,YES,NO
35_51,MALE,TOWN,24387_43758,NO,1,YES,YES,YES,NO,YES
0_34,MALE,RURAL,0_24386,YES,2,NO,NO,YES,YES,NO
35_51,MALE,INNER_CITY,43759_max,NO,2,YES,YES,YES,NO,YES
35_51,MALE,RURAL,24387_43758,NO,0,NO,YES,YES,YES,NO
0_34,MALE,RURAL,0_24386,YES,0,YES,YES,NO,NO,NO
0_34,FEMALE,INNER_CITY,0_24386,YES,1,YES,YES,YES,NO,YES
52_max,FEMALE,INNER_CITY,43759_max,YES,0,YES,YES,YES,YES,NO
35_51,FEMALE,TOWN,0_24386,YES,0,NO,YES,NO,YES,NO
0_34,MALE,RURAL,0_24386,YES,1,NO,NO,YES,NO,YES
0_34,FEMALE,TOWN,0_24386,YES,3,NO,YES,NO,NO,NO
0_34,MALE,INNER_CITY,0_24386,YES,2,NO,YES,NO,NO,YES
52_max,FEMALE,INNER_CITY,24387_43758,YES,1,YES,YES,NO,YES,YES
35_51,FEMALE,TOWN,0_24386,NO,1,YES,YES,YES,NO,YES
52_max,FEMALE,TOWN,24387_43758,YES,0,YES,YES,NO,YES,YES
52_max,MALE,INNER_CITY,24387_43758,NO,0,NO,YES,YES,NO,YES
35_51,FEMALE,RURAL,24387_43758,YES,3,NO,YES,YES,NO,NO
35_51,MALE,INNER_CITY,24387_43758,YES,0,NO,NO,NO,YES,YES
35_51,MALE,TOWN,24387_43758,NO,2,YES,YES,YES,YES,YES
52_max,MALE,INNER_CITY,43759_max,NO,0,NO,YES,YES,NO,YES
52_max,FEMALE,TOWN,43759_max,NO,0,NO,YES,YES,YES,NO
35_51,FEMALE,TOWN,0_24386,YES,0,YES,NO,YES,NO,YES
35_51,FEMALE,INNER_CITY,24387_43758,YES,3,YES,YES,NO,NO,NO
52_max,FEMALE,INNER_CITY,24387_43758,NO,1,YES,NO,YES,NO,YES
0_34,FEMALE,TOWN,24387_43758,YES,0,YES,NO,NO,NO,NO
0_34,FEMALE,INNER_CITY,0_24386,NO,0,YES,YES,YES,YES,NO
52_max,FEMALE,INNER_CITY,43759_max,YES,1,YES,YES,YES,NO,YES
35_51,FEMALE,TOWN,24387_43758,YES,0,YES,YES,YES,NO,NO
52_max,FEMALE,INNER_CITY,0_24386,YES,0,NO,NO,NO,YES,YES
0_34,FEMALE,SUBURBAN,0_24386,NO,0,YES,YES,YES,NO,YES
52_max,MALE,SUBURBAN,43759_max,NO,2,NO,YES,YES,YES,YES
0_34,FEMALE,RURAL,0_24386,YES,2,YES,YES,YES,NO,YES
0_34,FEMALE,TOWN,0_24386,YES,0,NO,YES,NO,NO,NO
35_51,MALE,INNER_CITY,0_24386,YES,3,NO,YES,YES,NO,NO
52_max,FEMALE,TOWN,43759_max,YES,0,YES,YES,YES,YES,NO
0_34,FEMALE,RURAL,0_24386,NO,3,NO,YES,YES,NO,NO
35_51,MALE,INNER_CITY,24387_43758,NO,0,YES,YES,NO,NO,YES
35_51,FEMALE,INNER_CITY,0_24386,YES,1,NO,YES,YES,NO,YES
35_51,FEMALE,TOWN,0_24386,NO,0,NO,YES,NO,NO,YES
52_max,MALE,TOWN,24387_43758,YES,1,NO,YES,NO,YES,YES
0_34,FEMALE,TOWN,0_24386,NO,3,NO,NO,YES,NO,NO
52_max,FEMALE,INNER_CITY,24387_43758,YES,3,YES,YES,YES,YES,NO
35_51,FEMALE,INNER_CITY,0_24386,YES,2,YES,NO,YES,NO,YES
35_51,FEMALE,TOWN,0_24386,YES,2,YES,YES,YES,NO,NO
0_34,MALE,SUBURBAN,0_24386,NO,3,NO,YES,YES,YES,NO
0_34,FEMALE,TOWN,0_24386,YES,0,YES,YES,NO,YES,NO
35_51,MALE,SUBURBAN,0_24386,YES,0,YES,YES,YES,YES,YES
35_51,FEMALE,INNER_CITY,0_24386,YES,1,NO,NO,YES,NO,YES
0_34,MALE,INNER_CITY,0_24386,NO,2,NO,YES,NO,YES,NO
0_34,FEMALE,TOWN,0_24386,NO,1,NO,YES,YES,YES,NO
0_34,FEMALE,INNER_CITY,24387_43758,YES,2,NO,NO,YES,NO,NO
52_max,MALE,RURAL,24387_43758,YES,1,YES,YES,YES,NO,NO
52_max,MALE,SUBURBAN,43759_max,YES,1,NO,YES,YES,NO,YES
35_51,FEMALE,INNER_CITY,24387_43758,NO,1,YES,NO,NO,NO,YES
52_max,MALE,INNER_CITY,24387_43758,NO,1,NO,YES,YES,NO,YES
52_max,MALE,INNER_CITY,24387_43758,YES,0,YES,NO,YES,YES,YES
0_34,FEMALE,TOWN,0_24386,NO,1,YES,YES,YES,YES,NO
0_34,MALE,INNER_CITY,0_24386,YES,0,NO,NO,YES,NO,NO
52_max,FEMALE,INNER_CITY,24387_43758,NO,1,NO,YES,YES,NO,YES
52_max,FEMALE,RURAL,43759_max,NO,2,NO,YES,YES,NO,YES
35_51,FEMALE,INNER_CITY,24387_43758,YES,0,NO,YES,YES,NO,NO
0_34,MALE,INNER_CITY,0_24386,YES,0,NO,YES,YES,YES,YES
35_51,FEMALE,INNER_CITY,0_24386,YES,1,YES,YES,NO,YES,YES
35_51,MALE,RURAL,24387_43758,YES,2,NO,YES,YES,NO,YES
0_34,MALE,INNER_CITY,0_24386,YES,2,YES,YES,YES,NO,NO
52_max,MALE,SUBURBAN,43759_max,YES,1,YES,YES,NO,YES,YES
35_51,MALE,RURAL,0_24386,YES,1,YES,YES,YES,NO,YES
35_51,MALE,INNER_CITY,24387_43758,NO,0,NO,NO,YES,YES,YES
0_34,FEMALE,INNER_CITY,0_24386,NO,0,YES,NO,NO,YES,YES
0_34,MALE,SUBURBAN,0_24386,YES,2,YES,YES,YES,NO,NO
35_51,MALE,RURAL,0_24386,YES,1,YES,YES,YES,NO,YES
52_max,FEMALE,TOWN,43759_max,YES,1,YES,YES,YES,YES,YES
0_34,FEMALE,INNER_CITY,0_24386,YES,1,YES,NO,YES,NO,NO
52_max,MALE,SUBURBAN,24387_43758,YES,3,NO,NO,NO,NO,NO
35_51,MALE,INNER_CITY,24387_43758,YES,2,YES,YES,YES,NO,NO
35_51,FEMALE,SUBURBAN,24387_43758,YES,0,YES,NO,NO,YES,NO
52_max,FEMALE,INNER_CITY,24387_43758,YES,3,YES,YES,YES,NO,NO
0_34,FEMALE,TOWN,0_24386,YES,2,YES,YES,YES,NO,NO
35_51,FEMALE,RURAL,0_24386,YES,1,YES,YES,YES,YES,YES
35_51,MALE,RURAL,24387_43758,YES,0,NO,NO,YES,NO,NO
35_51,FEMALE,SUBURBAN,24387_43758,YES,0,NO,YES,YES,NO,NO
52_max,FEMALE,SUBURBAN,24387_43758,YES,0,NO,NO,YES,YES,YES
35_51,MALE,INNER_CITY,0_24386,NO,1,NO,YES,YES,NO,YES
0_34,FEMALE,SUBURBAN,0_24386,NO,0,NO,NO,YES,YES,YES
52_max,FEMALE,RURAL,43759_max,YES,0,NO,YES,YES,NO,NO
0_34,FEMALE,INNER_CITY,0_24386,NO,1,NO,NO,YES,YES,YES
35_51,MALE,SUBURBAN,0_24386,YES,0,YES,NO,YES,YES,YES
0_34,MALE,TOWN,24387_43758,YES,0,YES,YES,NO,NO,NO
35_51,MALE,TOWN,0_24386,YES,0,NO,NO,YES,YES,NO
0_34,FEMALE,INNER_CITY,0_24386,YES,2,YES,YES,YES,NO,NO
35_51,FEMALE,TOWN,24387_43758,YES,0,YES,YES,YES,NO,NO
35_51,MALE,INNER_CITY,0_24386,NO,1,YES,YES,YES,YES,YES
35_51,FEMALE,RURAL,24387_43758,NO,3,YES,NO,YES,NO,NO
35_51,MALE,INNER_CITY,24387_43758,YES,0,NO,NO,NO,NO,NO
0_34,FEMALE,SUBURBAN,24387_43758,NO,2,NO,YES,YES,NO,YES
35_51,MALE,TOWN,0_24386,YES,2,YES,YES,YES,NO,NO
35_51,FEMALE,INNER_CITY,24387_43758,YES,0,YES,YES,YES,NO,NO
35_51,MALE,TOWN,24387_43758,YES,0,NO,YES,YES,YES,NO
0_34,FEMALE,TOWN,0_24386,YES,1,YES,YES,YES,NO,YES
52_max,MALE,TOWN,43759_max,YES,0,YES,YES,NO,NO,YES
0_34,MALE,INNER_CITY,0_24386,NO,0,NO,YES,YES,YES,NO
35_51,FEMALE,TOWN,24387_43758,YES,0,YES,NO,NO,NO,NO
52_max,MALE,SUBURBAN,43759_max,YES,2,YES,YES,NO,YES,YES
0_34,MALE,TOWN,0_24386,YES,2,YES,NO,YES,YES,NO
35_51,FEMALE,TOWN,0_24386,NO,3,NO,YES,NO,NO,NO
35_51,FEMALE,RURAL,24387_43758,NO,2,YES,YES,YES,NO,NO
0_34,MALE,TOWN,0_24386,YES,1,NO,YES,YES,YES,YES
0_34,MALE,TOWN,0_24386,NO,3,YES,YES,YES,NO,NO
0_34,MALE,INNER_CITY,0_24386,YES,1,NO,NO,YES,NO,YES
35_51,FEMALE,TOWN,24387_43758,NO,1,YES,YES,NO,NO,YES
52_max,MALE,RURAL,43759_max,YES,0,NO,YES,YES,NO,NO
0_34,MALE,SUBURBAN,0_24386,YES,1,YES,YES,YES,NO,NO
0_34,MALE,INNER_CITY,0_24386,YES,0,NO,NO,NO,NO,NO
35_51,FEMALE,INNER_CITY,24387_43758,NO,2,NO,YES,YES,YES,YES
35_51,MALE,TOWN,0_24386,YES,0,NO,YES,YES,NO,NO
52_max,MALE,SUBURBAN,43759_max,YES,2,NO,YES,YES,NO,YES
52_max,FEMALE,RURAL,24387_43758,YES,3,YES,YES,YES,YES,NO
52_max,FEMALE,INNER_CITY,43759_max,NO,2,YES,YES,YES,YES,NO
0_34,FEMALE,INNER_CITY,0_24386,YES,0,YES,YES,YES,NO,NO
0_34,FEMALE,TOWN,0_24386,YES,0,YES,YES,NO,NO,YES
0_34,MALE,INNER_CITY,0_24386,YES,0,NO,YES,NO,YES,NO
35_51,MALE,TOWN,24387_43758,NO,0,YES,NO,YES,YES,YES
